"Twitter ID","Tamanho da Influência (números mais altos=mais seguidores)","Posição Ideológica (número mais alto = mais à direita)","Semelhança entre seguidores (números próximos=semelhança)"
"GuilhermeBoulos","11.75","117.02835920530549","292.62654345528114"
"zehdeabreu","10.5","105.04777847764855","108.08359802934349"
"jairmearrependi","8.5","56.91163670368201","276.8571281995872"
"davidmirandario","8.5","21.829340000464637","133.00027366321189"
"malvados","8.5","119.46394783862199","152.46851188439894"
"LaerteCoutinho1","8.5","40.75894896932368","124.12254767801296"
"blogdosakamoto","8.25","182.93718739854253","165.7135738772856"
"anttrindade","8.25","149.5356825543951","178.49787344703125"
"LeonardoBoff","8.25","99.825126700095","128.26785129871652"
"louieponto","8","5.578280552236147","141.96322668356737"
"psol50","7.75","116.41826908138866","134.6880079551971"
"bolsoregrets","7.75","63.33009631234864","209.97187041391334"
"jandira_feghali","7.75","89.35295037990643","156.26996854462146"
"pablovillaca","7.75","5.8045179304716426","227.8432094603165"
"lelispatricia","7.75","97.80764499132223","302.2910559795511"
"brumelianebrum","7.75","81.7857132036383","130.537654051612"
"taliriapetrone","7.5","-6.960643231682597","199.59821710125743"
"luizguiprado","7.5","61.97904840854076","109.11336041859083"
"cynaramenezes","7.5","18.739239829882184","204.67419591697183"
"Bob_Fernandes","7.25","143.7552554480496","122.37641481884735"
"Savagefiction","7.25","33.97272919653913","211.0727902491021"
"IvanValente","7","55.197499968516816","158.12793319274533"
"lauraabcarvalho","7","72.141372211837","226.4918387291576"
"luizaerundina","7","74.1269186254499","275.27320282262133"
"safbf","7","6.686258522224742","190.21400332092244"
"GeorgMarques","7","117.51314189671888","236.27124532268797"
"FlavioDino","7","124.65429171125035","119.71692292283241"
"JornalismoWando","7","40.3295623158625","282.32837388619987"
"natalyneri","7","-27.71698465917793","225.0002469268379"
"elikatakimoto","7","48.28708376437587","237.89490880769725"
"memescomuna","7","54.23700205127945","259.6028596736062"
"NAOKAHLO","7","-9.278439908812224","252.43073271440414"
"MST_Oficial","6.75","54.09501580319021","135.03001822842967"
"delucca","6.75","21.488853420812536","220.63993981329276"
"hmcpedro","6.75","144.97940022926966","228.47910860735263"
"emirsader","6.75","112.93448934166649","219.23897866415325"
"Cecillia","6.75","70.68056560493999","155.21929082114502"
"assimdisseojoao","6.75","81.94882195940376","103.58059257927519"
"lolaescreva","6.75","-28.38393888951395","196.54631887928048"
"mizanzuk","6.75","41.52245126600559","197.26335387996266"
"Jujuca1987","6.75","83.3153523164162","294.03983442721363"
"ultrajano","6.5","141.6176655284316","97.18566895683298"
"HaddadDebochado","6.5","33.790475394994594","158.8084639755435"
"DeputadoFederal","6.5","106.1043483426928","195.42865460832093"
"nadanovonofront","6.5","68.64141702700257","289.4858560603408"
"meteoro_br","6.5","57.715630831600954","173.04085703689387"
"demori","6.5","108.77490997071993","172.5921047658226"
"minc_rj","6.25","142.34628788680524","214.05270099712618"
"samiabomfim","6.25","19.044785061717523","255.16040126587882"
"patriciapillar","6.25","136.19626707455723","298.1592180088376"
"MottaTarcisio","6.25","32.51001329549362","184.18890182517777"
"marciatiburi","6.25","104.9122898309534","145.28162748849772"
"GuajajaraSonia","6.25","42.54407189877248","223.93683920449928"
"amandafaudi","6.25","132.3224478407907","132.56506426970992"
"uneoficial","6","123.11559133002615","104.7508789937998"
"palmeriodoria","6","46.02521162310313","180.62059072071204"
"claraaverbuck","6","67.58694881817296","140.94820275784295"
"pauloteixeira13","6","117.84778093133842","192.94891528127624"
"rvianna","6","138.97203846933397","251.04803564579996"
"aeciodepapelao","6","67.6424876650454","253.28362963251308"
"exuliane","6","95.37506473134233","170.40701304125926"
"stanleyburburin","6","5.029194339255301","256.5940229915501"
"BlogdoMiro","6","88.83342754615403","116.65606594372605"
"depretas","6","3.352039083012496","157.77754096780976"
"CUT_Brasil","6","98.29967168454837","286.786457998211"
"PTnaCamara","5.75","104.34699734643013","159.13725291880263"
"henrybugalho","5.75","75.09429343879094","116.79755568033042"
"FministaCansada","5.75","-12.839796118796185","175.9329457592571"
"RitaLisauskas","5.75","134.44902236669822","146.84415832677522"
"jovensreacinhas","5.75","9.948353767986578","243.55776863098725"
"CheZeGuevara","5.75","157.17962102052286","128.74143055677806"
"mtst","5.75","21.662170571150753","165.61257910817363"
"PTnoSenado","5.75","135.75276820044394","110.16872122015127"
"rehventura","5.75","16.09925724786382","153.5448279361989"
"manubarem","5.75","140.06614854619696","284.8346184848672"
"anarcobs","5.75","30.42200311304101","265.5646247976091"
"ptnacional","5.75","106.89934909011687","262.8776361856253"
"anacronices","5.75","-21.880641995166897","166.12314955561862"
"MiguelNicolelis","5.75","169.1160268791238","245.75190558004874"
"carapanarana","5.5","36.41448878658451","139.24055099666148"
"millylacombe","5.5","129.15555764610144","277.9356788160946"
"Debora_D_Diniz","5.5","91.95407128222541","141.46619026330723"
"renato_rovai","5.5","46.64109633132713","147.16876101891728"
"aureacarolinax","5.5","-8.814415816815933","163.38877548748962"
"_pinheira","5.5","44.491937377849595","167.61181991502005"
"NPTO","5.5","145.90046567586927","151.71056984340183"
"spartakusvlog","5.5","-4.24537131146711","238.8290963965763"
"PatoCorporation","5.25","-25.270579233561342","179.3042577787583"
"czmartins","5.25","109.78915217916632","275.39707229376523"
"hilde_angel","5.25","40.6936667063541","257.4919372187796"
"mariomagalhaes_","5.25","128.8363010480987","243.29394888350453"
"mariellefranco","5.25","26.005911916131907","243.7431123226295"
"delarabru","5.25","70.64796925056972","168.77772642159889"
"erikakokay","5.25","67.08306986980094","239.31536570062153"
"pirescarol","5.25","85.70448511620027","227.24000529289455"
"Glauber_Braga","5.25","82.56837548776393","169.103552357872"
"pmoreiraleite","5.25","91.59925000334171","260.3568228256599"
"MarcioPochmann","5","86.42132114510177","280.9127113319295"
"tatikmd","5","18.322057431020998","234.36948341538206"
"Haddad_Femando","5","-37.02576341217517","213.1117849444008"
"turquim5","5","43.77237463831983","268.941585333284"
"calulabarros","5","20.06757902527618","189.19155124695587"
"wadih_damous","5","72.8630171115905","179.35903455145137"
"DilmaResiste","5","18.048445885556458","268.3266180895838"
"MudaMais","5","27.04199995858368","147.41897246800488"
"torturra","5","77.96999555706704","261.096655764907"
"PescotapaDiario","4.75","28.9819226943721","196.65193763611677"
"cinefilo_K","4.75","-10.501801728553707","213.40475469051444"
"bobjackk","4.75","10.182582296654315","177.01331153692118"
"mah_13_","4.75","21.58961729562366","177.76329946552016"
"fernandapsol","4.75","37.76141685667534","246.10746444597854"
"maria_fro","4.75","55.63445752922372","121.7386422827373"
"HenriqueFontana","4.75","105.04657811253105","240.95630815664123"
"dasilvabenedita","4.5","96.12692513407184","223.19791667269482"
"TaclaDuran","4.5","75.33693867923441","214.26837789471432"
"cadefeministas","4.5","-15.662391179431442","235.00718905809487"
"VICENTINHOPT","4.5","136.40449969638482","178.97253936772591"
"jpcharleaux","4.5","146.87349513090118","204.48404419643964"
"ptbrasiI","4.5","53.20215351421902","201.60104040466382"
"RogerioCorreia_","4.5","32.830398728781304","171.54033183856262"
"mmarescast","4.5","0.1888825169546081","212.56403327410777"
"Maufalavigna","4.5","-35.338226578904575","185.33991893121808"
"UJSBRASIL","4.5","66.38657608644142","265.34364673920714"
"ubesoficial","4.25","53.257023249030055","190.50464057830567"
"JFMargarida","4.25","-7.7557611239822295","227.6636354664856"
"bemvindo_ator","4","10.81712573612624","216.22851888134383"
"MariliaArraes","4","95.15596402185335","233.11155236700534"
"pablo_ortellado","4","163.45767383833157","197.63475458761127"
"BohnGass","4","85.02786966787201","269.14162577077593"
"ToniBulhoes","4","-18.845906846145862","204.97501758711618"
"APellegrino1","4","5.17796895039478","202.18063299317112"
"foradoeixo","4","181.4658702272133","179.3826941507415"
"fpabramo","4","2.473407346250007","169.43462354422033"
"jnascim","3.75","179.46523344690783","153.39638602865446"
"CCambara2","3.75","30.513222283160236","253.6017426400722"
"enioverri","3.75","111.30147215905464","184.40170794453073"
"heldersalomao","3.75","60.08997791537026","195.9119150078943"
"CarlosZarattini","3.75","81.18683006699412","206.5681133880437"
"guimaraes13PT","3.75","112.40785795732316","247.9512178824466"
"EdmilsonPSOL","3.75","112.18778509718472","122.05691424610896"
"levantepopular","3.75","-20.73827006952233","214.5748216935375"
"Alice_Portugal","3.5","135.4419434614492","235.22275600551126"
"ReginaldoLopes","3.5","119.86181428111789","273.5862941915971"
"depjorgesolla","3.5","57.83533308764212","146.7466216433593"
"Patrus_Ananias","3.25","31.653864537510245","224.30422167315987"
"zeca_dirceu","3.25","121.05122892437907","165.78286194904703"
"pstu","3.25","133.1435991013925","209.79885565619495"
"PabloCapile","3","125.64656010668439","141.6654366188886"
"AfonsoFlorence","3","111.2789151479491","204.7271420781229"
"coalacroata","3","-38.117638187661115","203.0514943148996"
"partidao","3","11.064515433756247","167.244623410585"
"mpl_sp","3","63.32823335632177","163.31039689181753"
"chico_dangelo","3","113.97375133366653","162.82648769903605"
"natbonavides","2.75","26.029985442863527","230.40886820374035"
"zemaria_pstu","2.75","148.71123678971327","250.26206321524052"
"uczai","2.75","53.34370955288469","247.96915315048153"
"dep_padrejoao","2.5","60.999186528456114","247.24925771799042"
"Luizianne13PT","2.5","57.374556560075554","241.4965084846172"
"depmarcon","2.25","58.87505680414","235.5827243616682"
"depleomonteiro","2","128.03456205165742","235.59906282855795"
"paulaodopt","2","81.2380217983457","220.7636137908776"
"DepCaetano","2","103.73128794342189","219.55862186123414"
"DepValmir","2","45.787073796028245","190.2655518186664"
"NiltoTatto","2","78.15406665975105","185.32973623404297"
"MidiaNINJA","10.75","83.71661571474645","244.43569150885205"
"TheInterceptBr","9.75","123.40838663504952","258.7439769292058"
"J_LIVRES","8.75","74.07673448836108","195.45270609564452"
"revistaforum","7.5","91.96523141603974","197.96855942839218"
"cartamaior","7.5","122.63154087048508","178.25854091023876"
"Brasil_de_Fato","7","86.45798089533538","182.4845413046794"
"VIOMUNDO","6.75","121.65810183031648","207.0652170448226"
"tijolaco","6.75","88.91324974955954","214.16917917003585"
"DCM_online","6.75","57.173413701632306","224.7155746968489"
"VICEBRASIL","6.5","97.07328810037295","272.48506044417616"
"AntiCast","6.25","103.11824095524322","209.35337516692198"
"operamundi","5.75","100.63913837846614","251.9097452570979"
"eduguim","5.75","66.77526010753743","127.40701462414005"
"redebrasilatual","5.5","100.92622518956092","183.4316702344831"
"blogfeministas","5.5","-16.638085916627098","188.60300712199117"
"Pragmatismo_","5.5","48.73278488090445","212.03465712332968"
"pontejornalismo","5.25","79.75302400882867","145.16239467521987"
"portalvermelho","5.25","35.040342634778455","234.74578412430603"
"JornalGGN","5","62.709942451541465","184.97947640924372"
"BlogNegras","4.75","-7.419213329382766","151.16543088734448"
"contracorrentes","4.75","-1.0371338077852763","179.5583366308986"
"revolushow","4.25","-32.93197564353123","170.86290929503357"
"cbaraodeitarare","3.5","-15.68189156398051","222.20479217333423"
"revistaazmina","3.5","-27.729624175087512","208.69880486010695"
"generonumero","2.75","44.707561800186134","157.23426016580518"
"passapalavra","2.5","9.226546030204057","209.65324353091452"
"Haddad_Fernando","14","198.25022022623926","264.10738085042925"
"ManuelaDavila","12.75","160.3213840038638","283.51488450333346"
"cirogomes","12.25","264.51146480250566","143.6499394467871"
"Marcelodedois","12","193.4018140992724","144.27779970468805"
"LulaOficial","11.5","213.82190993471195","196.79164741832605"
"emicida","11.5","224.16427255812965","119.92459522922161"
"gduvivier","11.5","158.43645716069935","107.97914129085385"
"euclarice","11.25","175.7622670997167","126.49692255551916"
"diImabr","11","213.25533999805185","241.85584737607138"
"MarceloFreixo","11","171.90088964668203","227.6170822611577"
"xicosa","10.75","217.06738488553063","283.02422121030065"
"jeanwyllys_real","10.5","135.80558372709646","194.23475738870658"
"ramos_leandro","9.75","135.64897366295511","164.07917516670767"
"HistoriaNoPaint","9.5","232.14809446275493","210.61693086945124"
"Juninhope08","9.5","256.26918594440895","184.56400953321506"
"leandraleal","9.5","243.63794653728044","132.87880290843475"
"jnflesch","9.25","142.20285756547327","267.8974310429529"
"titimuller","9","193.07784638884772","187.1858575954381"
"gleisi","8.75","267.31235916315256","244.9606732456012"
"ptbrasil","8.75","230.85493620174822","156.0226119065805"
"caetanoveloso","8.75","231.61829684927596","252.76112162066858"
"esuplicy","8.75","181.5091768280507","99.63386710360527"
"lucianagenro","8.75","128.90212402465335","222.9185523112298"
"marcelorubens","8.75","238.28690837632644","286.25192874372874"
"ConversaAfiada","8.25","165.51854083870248","169.6656723414237"
"Pirulla25","8.25","250.49923279747034","252.53712398212002"
"mariadorosario","8.25","175.74580966526156","194.1191121259658"
"luisnassif","8.25","159.35062038330253","258.1233712722571"
"bicmuller","8.25","202.08957678283562","123.7108312533873"
"50ChicoAlencar","8","155.26877802333513","240.50535452714684"
"chicobarney","7.75","222.55973646038237","171.29113267339295"
"tabataamaralsp","7.75","182.78913005632288","281.9032699370089"
"lindberghfarias","7.5","206.89722097165748","176.8925150101327"
"alexnero","7.5","275.2146347776115","124.63811307350089"
"Ticostacruz","7.25","284.49820873165294","138.07683284791108"
"requiaopmdb","7.25","176.98280449952506","297.8314831603626"
"XadrezVerbal","7.25","213.28270634055562","157.56189070161338"
"MussumAlive","7","261.25163682385255","224.2928354083661"
"inst_lula","7","146.23124098240345","137.9571883724207"
"ronaldrios","7","258.8732694221177","123.00749809521784"
"marcogomes","7","237.86473858718617","237.57031728223802"
"BernardoMF","6.75","212.1840044195418","136.70099445320824"
"cialetras","6.75","277.82932482758997","159.2918788454525"
"zdoficial","6.75","227.41315092399424","139.58403572745218"
"gerdwenzel","6.75","267.5765590194951","170.65512762760363"
"sergueirock","6.5","245.91995461136773","225.39988516504735"
"vanessa_grazz","6.5","198.64049496331322","163.36261451696504"
"tarsogenro","6.5","198.37114980883442","286.4028078834292"
"flaviogomes69","6.25","247.1668298778263","152.61520199323948"
"JamilChade","6.25","243.94402499568798","267.6066209810835"
"alessandromolon","6.25","179.99884134217533","251.62005746764692"
"PCdoB_Oficial","6.25","155.58609327547774","217.74982751854225"
"Leoni_a_jato","6","154.04166494453003","192.9247476378059"
"padilhando","6","179.2649521246938","210.00476881426502"
"senadorhumberto","6","194.8060529284267","242.7665780202005"
"GDimenstein","6","253.30065210634675","236.9579271646713"
"paulopaim","6","188.8491185637992","217.68675846494003"
"rfalcao13","6","201.38208138821693","210.5524619260956"
"camposmello","6","190.12835284241712","202.89488502992046"
"zerotoledo","5.75","246.8043867067038","198.34752602114636"
"malugaspar","5.75","189.7003450540115","113.80578068624082"
"andrefran","5.5","199.1664757198064","104.55241119318487"
"startupdareal","5.5","105.56202463059513","229.8421077131926"
"jaqueswagner","5.25","191.40219011454425","298.2558165774855"
"msantoro1978","5.25","189.53628753547815","230.87757537853687"
"AleYoussef","5.25","231.31814573541476","272.24932565024153"
"fatimabezerra","5","163.52513677925808","184.591753207255"
"tuliogadelha","5","152.04573855109817","161.8748360781356"
"costa_rui","4.75","154.18785417262396","204.73771881893597"
"PDT_Nacional","4.5","257.61800994880906","161.04958862625807"
"lidicedamata","4.25","208.98083256206243","111.01262781928504"
"orlandosilva","4.25","182.57311816826504","239.8444800892955"
"MatiasSpektor","3.75","226.37628926753055","232.67932021470116"
"nelsonhbarbosa","3.5","141.77925841988974","240.25842607653587"
"mineiroptrn","3.25","224.28589535075923","223.35639975334107"
"rubenspereirajr","3","248.5400461920271","277.8599455590129"
"PauloRocha_13","3","240.5875165352155","118.72287826095983"
"marciojerry","3","257.6390803986181","170.63045328368554"
"nelsonpelegrino","2.75","156.27745043217396","228.42083592352833"
"achinaglia","2.75","175.24824122660678","177.69960585637727"
"depmarcelonilo","2.75","271.5481278195392","219.89688761499383"
"perpetua_acre","2.75","146.98032970591973","255.02108913764317"
"Daniel_PCdoB","2.75","174.1056828417296","110.94890027484477"
"SenadorRogerio","2.5","232.6489469478633","172.3304520346803"
"wdiaspi","2.25","277.41257689724074","168.89627248791064"
"EdvaldoNogueira","2.25","287.24629692405546","163.6499176956988"
"depzeneto","2.25","230.4558108968952","226.4353690140502"
"RubensOtoni","2.25","276.82957695072434","174.46468992509784"
"alielmachado","2.25","236.18731975121295","223.3939857613055"
"josiasgomesba","2","171.72794653533958","183.4563413361238"
"JoseAirtonPT","2","190.83824464848072","128.51807113401128"
"vanderloubet","2","278.10346466199235","251.651866509605"
"assis_carvalho","2","234.7213992845281","263.5941641260221"
"BetoFaroPT","1.75","154.27664725298695","170.33305799911915"
"renildo","1.75","205.4581253415634","187.6534422009186"
"deppauloguedes","1.75","265.9509820750728","160.30290837897883"
"Dep_ZeCarlosPT","1.5","198.60513892196863","198.60914859993187"
"waldenorpereira","1.5","146.85178236095646","221.36518349780448"
"cartacapital","12","263.71252085121307","270.4367243279724"
"QuebrandoOTabu","11.5","164.03118493666219","148.12608608744048"
"elpais_brasil","10.25","234.6835241178201","186.58814485924904"
"revistapiaui","10","267.5270796455867","202.52312244245687"
"NexoJornal","8.25","244.7738633985218","168.74368732401066"
"agencialupa","7.75","284.6867392862529","242.39267225164664"
"brasil247","7.75","174.96508302859135","266.4439575359976"
"aosfatos","7.25","251.10848573074057","211.86648787659718"
"BuzzFeedNewsBR","7.25","202.74092384623452","225.40387533730035"
"vozdacomunidade","7","274.3880733957242","184.90983485849014"
"agenciapublica","6.75","167.08798285013935","208.7110239253008"
"revistacult","6.5","219.8569249581244","264.5720603852489"
"dw_brasil","6.25","275.3191034867279","229.772784094905"
"huffpostbrasil","6.25","215.3467298715833","216.3873900165998"
"felipeneto","16.25","322.4143962565452","155.80730453994505"
"dilmabr","14.25","291.43830702816626","265.45418906838694"
"MarceloAdnet","13.5","349.67360503334146","255.33405473670615"
"jose_simao","13","385.38506547161126","200.29291722714862"
"sensacionalista","12.5","304.7976599883673","130.58204580155981"
"MarinaSilva","12.25","374.46161132755174","267.63493566848916"
"CdNLeon","12.25","331.05247780158766","125.76259996098158"
"nilmoretto","12.25","290.9364279280384","197.92969227919204"
"andrizek","11.25","353.2795277483952","188.95032977576804"
"monicabergamo","10.5","348.69871130787806","144.37207010244498"
"gugachacra","10.25","388.23358351534955","237.41098329342523"
"GreenpeaceBR","9.75","354.41370469121756","280.50066246956453"
"BlogdoNoblat","9.75","426.62677135772884","221.90337413135907"
"155.51870419652334	Ancelmocom","9.5","","395.2866526944818"
"LeoJaime","9.5","392.2877953044823","283.28777677090767"
"chico_pinheiro","9.25","309.62447859703406","179.81654802767048"
"anterogreco","9.25","341.6960113840091","211.629004900164"
"mariana_godoy","9.25","395.27195550364365","114.5713127309465"
"astridfontenell","9","334.7424925156823","274.605616856"
"Sen_Cristovam","8.75","414.32337438386776","120.08714216070894"
"EduardoJorge","8.75","326.67966447632267","248.6137599961531"
"ONUBrasil","8.75","316.17336670465676","268.29276921506164"
"rosana","8","305.4956348035678","215.03363149582293"
"KennedyAlencar","8","288.42676612843746","174.66623363224556"
"CulturaGovBr","7.75","312.9282913193752","198.87663604981086"
"mauriciostycer","7.75","329.8934856646197","196.7167733112491"
"barbaragancia","7.25","286.0674752808968","218.70789174640524"
"FHC","7","410.0048500699512","166.2475703624353"
"SoniaBridi","7","407.51286093005183","235.5609157887014"
"eduardopaes_","7","384.4016466246097","170.6390962672999"
"KatiaAbreu","6.5","310.2254387770219","252.65626819148233"
"Rodrigo_Janot","6.25","351.1155121829758","123.5137903096956"
"flaviaol","6","333.1452056937193","226.2661414182325"
"renancalheiros","5.75","440.87494395238303","231.5738506663744"
"randolfeap","5.75","327.06433926095457","181.10236515217255"
"juliaduailibi","5.25","371.80443630058716","242.14346299279472"
"bollemdb","5.25","298.82087480755325","245.48760340536523"
"pedrodoria","5","338.2174712588928","238.33889345549733"
"marilizpj","5","349.7851970559633","234.99477709148266"
"cidfgomes","4.75","335.9125445884779","173.43704316482328"
"PSBNacional40","4.5","370.91562769420005","188.49025421192638"
"luciaguimaraes","4","360.8458967821876","240.35728957989306"
"REDE_18","4","355.90586602804575","207.03627330962163"
"brunoboghossian","3.75","349.2028753668102","224.2005564422932"
"partidoverde","3.5","380.4850019344176","154.5531430806591"
"Casagrande_ES","3.5","387.77801976861645","182.70682441229008"
"CentralSindical","3.25","319.8122935399839","188.91604068799273"
"AlonFe","3.25","367.78305787876747","251.7928222749234"
"GeraldoJulioPSB","3","452.72823475254256","218.8558224707561"
"ottoalencar","3","412.3490396337452","219.88871669786593"
"CamiloPSB","3","376.1521683583619","162.05742619148668"
"Luciano_Cartaxo","3","342.4787771050273","197.7491465596227"
"dep_paulinho","3","382.8474358577857","252.99136547471912"
"manoeljunior","3","431.44591962889785","236.52226045031222"
"PompeodeMattos","2.75","303.3862727179123","166.84142703208548"
"elizianegama","2.75","414.92176511111063","226.70748119410317"
"venezianovital","2.75","400.4423960922893","193.1526396667531"
"EHolandaJr","2.75","343.9927934554464","178.6483890684726"
"wevertonrocha","2.75","297.12834003699317","183.98507990166303"
"RenanFilho_","2.75","436.81176961203","240.5245973576147"
"senadorjpprates","2.5","279.4798250391454","209.13326216748274"
"BiradoPindare","2.5","280.4724647948064","148.68525822172793"
"andrepdt12","2.5","275.11246181642207","214.60333201724043"
"depjoaomaia","2.5","389.2646397051325","251.13025364246067"
"firmino_filho","2.5","378.08552382150003","247.9172189063981"
"LucianoRezende","2.5","416.48065092889436","188.83546773847172"
"Domingos_Neto","2.5","387.24588481268955","258.1266440662049"
"DeputadoBacelar","2.25","332.57937816269634","260.0202205974267"
"gervasiomaia","2.25","399.39613776096934","228.5110761657406"
"PauloCamara40","2.25","413.7957622059615","132.00111811577017"
"LaercioFederal","2.25","383.1985193091454","215.9487971807881"
"WilsonSantiago_","2.25","390.13145598195393","143.55562273634172"
"Silvio_CFilho","2.25","342.1655032315775","230.36418337194945"
"depjuliodelgado","2.25","378.6597963570597","184.16526450817267"
"RaulHenry","2.25","411.1123291894781","188.49105501607934"
"elcionepmdb","2.25","398.20984163553476","208.8539219001652"
"FabioHenriqueSE","2","337.7786244404828","187.69417394691104"
"RafaelMottaRN","2","417.76236771477664","231.5346505114289"
"iracemaportela","2","391.3380546880914","225.41208787133513"
"ProfIsrael","2","399.86367966123606","168.88664347837812"
"FelixMendoncaJr","2","334.6846201503444","141.14330407622688"
"LuisTibeOficial","2","414.47996914247165","175.92293573938196"
"EliasVazGyn","2","384.2784159625403","148.61629649895298"
"mario_heringer","2","341.9061274860761","224.1197593181025"
"marcivania65","2","303.1044701914488","204.49660797120325"
"eduardodafonte","2","387.8582303030803","216.2558764545286"
"WolneyQueirozM","1.75","319.58621224343256","136.8416656633387"
"rejane_dias","1.75","315.03242502582265","244.13869709272302"
"rodrigoagost","1.75","390.67808938439856","176.41633369231874"
"joaoazevedolins","1.75","358.01208032019383","176.3368766323246"
"CacaLeao","1.75","376.00213576815344","150.6958898114802"
"fabioreis1515","1.75","353.10494095941283","213.6676124823353"
"pedrowestphalen","1.75","425.1513597759046","211.07764105912835"
"DeputadoFoletto","1.75","390.14396613968336","269.67003550091977"
"belivaldochagas","1.75","304.34809838136175","191.55196140072795"
"depfmitidieri","1.75","329.0385801801572","235.2701108633368"
"DepJulioCesarPI","1.75","380.1427573187867","161.9812586289101"
"pradoweliton","1.75","343.39715983018385","157.17640423646793"
"HeitorSchuch","1.75","385.33561341967896","160.16961001607854"
"dep_acoutinho","1.75","419.1267564079504","185.02572698066183"
"dagobertopdt","1.5","407.542969128457","217.66623697381397"
"dpmarciomarinho","1.5","394.1862518088702","167.54256978183514"
"GustinhoRibeiro","1.5","350.39301915273035","202.41848432322305"
"oPedroFernandes","1.5","340.11327333976794","155.3596848407877"
"solidariedadeBR","1.5","424.11308985464035","205.97201257701852"
"MarceloCastroPI","1.5","412.1516868620535","175.97678783612096"
"DepNilsonPinto","1.5","375.97136502723225","166.31036051101813"
"MargaretCoelho","1.5","356.10433304711427","154.9181241854801"
"Altineu","1.5","410.4816861688815","226.40642485027442"
"ZeSilva_","1.25","432.7829794482883","230.96330738823127"
"LeurLomantoJr","1.25","356.62173604073075","234.43961175049301"
"depjpassarinho","0.75","382.5025615787635","226.9480031064801"
"folha","16","373.9294788787677","131.41135715859858"
"bbcbrasil","13.25","367.7246015801483","222.3439079892863"
"tvcultura","9.5","350.9265419012291","166.354074123748"
"observatorio","9.5","316.65219489123336","231.0372143439591"
"JornaldoBrasil","9.5","401.0100493333316","135.37407477705972"
"catracalivre","9.5","294.84536061403526","153.64672786526023"
"folha_poder","8.25","401.60886486685047","181.23004959199724"
"revistatrip","7.75","323.13290736037703","212.96894601590907"
"congemfoco","7.75","368.3730252376799","174.593602094435"
"TVBrasil","7.75","297.43097704978453","230.52674795532752"
"folhailustrada","7.5","366.7021127353661","155.74708489833267"
"opovoonline","6.5","397.6461879083471","217.9673014323736"
"atarde","5.25","365.9343838499651","201.92658669170686"
"rafinhabastos","16.75","484.4457959407206","225.3174954306821"
"LucianoHuck","15.25","473.5687391373075","116.01590800351022"
"MiriamLeitaoCom","12","465.04786353926255","196.47151410921313"
"RomarioOnze","11.5","507.21873649391415","263.8399573445665"
"planalto","10.75","584.1392424920866","177.7611425495203"
"joaquimboficial","10.75","506.4536009879245","158.53525629331904"
"cristilobo","10.5","470.3614398142734","148.204558988699"
"MarceloTas","10.25","500.1293075105113","107.8834429776012"
"MichelTemer","10","564.6024275258613","130.86539323212705"
"joseserra_","10","505.3656373572421","287.2600645813723"
"AndreiaSadi","9.75","541.1441988237647","170.10674451452513"
"reinaldoazevedo","9.75","520.0511326029789","119.0309624707738"
"gcamarotti","9.75","562.336171037387","173.17062588208216"
"MonicaWaldvogel","9.25","487.8100432314666","275.59508820889823"
"geraldoalckmin","9.25","526.0216516956725","282.5645347848562"
"AecioNeves","9","537.2610208756879","210.9224911122011"
"alexandrekalil","8.25","525.0373943277284","251.53149744680672"
"ECantanhede","8.25","545.8691774028335","138.31978287035153"
"beltraomaria","8","468.6278935949813","247.34002028108372"
"CaboDaciolo","8","558.0188784000084","196.16023975263627"
"DoraKramer","7.25","512.7896541842175","139.7671852182773"
"laurojardim","7.25","497.45133304989463","184.57047708357746"
"blogdojosias","7","484.80837006505897","253.62376615064932"
"SergioAguiar07","7","559.8403020096226","269.9606681947965"
"sandraacoutinho","7","545.1397498115045","276.11266409998376"
"thaisheredia","6.75","572.793545370757","261.1360826788687"
"Rede45","6.75","541.7932944074627","252.15959269256336"
"gilmarmendes","6.25","547.4162642422594","238.55726922959457"
"lmegale","6.25","497.94099692285414","246.09953547877583"
"betepacheco_","6.25","537.6505254889405","228.10564331161842"
"MaraLuquet","6","489.781682421668","197.54932847003488"
"professorLFG","6","536.7072984222145","124.94712969815082"
"acmneto_","5.75","445.2852332165003","182.46940160214533"
"MDB_Nacional","5.5","488.8097044240975","156.11311749967302"
"eduardobarao","5.5","459.57336466698365","133.82675246461068"
"MCrivella","5","549.6708932471511","153.0073009980146"
"Arthurvneto","5","537.1681277677229","264.8123461882609"
"ValdoCruz","5","525.3023383017662","266.5985385428819"
"JoelPinheiro85","4.75","573.5266482382949","247.92070328626787"
"democratas","4.75","525.6732096611931","134.45394341497874"
"celsorussomanno","4.5","520.6395160243751","167.41049893919472"
"depwagnermontes","4.5","462.4004592098057","163.12235251137093"
"goescarlos","4.5","535.1886930647902","240.87830526980562"
"brunocovas","4.25","570.4434637174885","202.08276441977247"
"fabiolacidral","4.25","427.61421232966194","266.6561482996406"
"EduardoLeite_","4.25","551.0680280319173","183.951073172626"
"caleromarcelo","4.25","507.1477251662765","127.90850062789193"
"gustavofruet","4","460.25175604032285","174.5024122250833"
"Collor","4","497.45990282939005","171.63024423629574"
"P_droMenezes","4","542.6273485029976","189.95516684903737"
"tiriricanaweb","3.75","568.6985441671037","159.08440497984472"
"gurovitz","3.75","567.1171139724016","239.6910228649634"
"GuyFranco","3.75","579.9651902724954","228.0448909680541"
"fabiofaria5555","3.75","480.68496484089104","191.44059539579806"
"octavio_guedes","3.5","548.6089435345037","262.36098612845086"
"helderbarbalho","3.5","447.75858275382393","239.80138725710162"
"Eymaeloficial","3.5","558.3022157356344","240.06799077109073"
"efraimfilho","3.5","557.6322653781635","159.62812851514562"
"EduardoBraga_AM","3.25","432.80515760284476","163.40088863216917"
"MiTrombelli","3.25","471.30682956661923","277.32850849595263"
"fbezerracoelho","3.25","386.21299530430866","222.7390018362504"
"cassiagodoy","3.25","507.6837337804514","240.51890736365422"
"ToffolettoCatia","3.25","499.3300481004717","122.66519815353459"
"RafaelGreca_","3","439.9891561752719","157.15959180191172"
"dep_clarissa","3","424.428830106326","187.5463559568438"
"jader_barbalho","3","459.975177326251","216.96603787663767"
"walteralvesrn","2.75","436.80891846312994","168.3458196877323"
"felipecarreras","2.75","435.7507931197187","185.212437388909"
"ciro_nogueira","2.75","439.6565319918921","175.1172569722918"
"marceloramosam","2.75","414.473210565391","182.5223367785521"
"ruipalmeira","2.75","455.4968025294772","183.8559166613397"
"soudaniella111","2.5","503.1706785418019","194.25472212892936"
"DepBrunaFurlan","2.5","493.35837409210484","164.03345840909955"
"depruycarneiro","2.5","450.4959600624493","191.84318219073901"
"gladsoncameli","2.5","526.4178677473878","239.1993899268748"
"GuilhermeMussi","2.5","476.528444566573","134.80916613579637"
"marcospereira04","2.5","513.4964744446708","247.61869741938483"
"LucianoDucci","2.5","459.9194386703448","256.4804345945701"
"PRB10","2.5","480.22864919262145","202.2929465917427"
"vanderleimacris","2.5","541.9465079116507","156.81930697472345"
"joaocamposdep","2.5","541.0243605075647","198.1493696257911"
"RodrigoCunhaAL","2.5","549.6546448247971","206.1335356250213"
"Vanderlan_VC","2.25","546.925116451397","196.1691808110805"
"Alceu_Moreira","2.25","533.8514262109637","138.1855164129455"
"OmarAzizPSD","2.25","542.4059912753021","149.59674058819738"
"pedropaulo","2.25","424.4750086925775","193.88980970632034"
"neyleprevost","2.25","520.6599874148042","241.06727042200282"
"DepArthurMaia","2.25","457.6129910707298","245.83178150809456"
"RodrigoCastro45","2.25","513.6258297500184","207.04296285180573"
"CinthiaCRibeiro","2.25","442.2147805416608","244.5093673505551"
"giovanicherini","2.25","399.5725475138737","241.93339467318395"
"acirgurgacz","2.25","445.64946353880583","155.81565710103928"
"HugoMottaPB","2.25","406.0498948635872","224.67719899630984"
"lincoln_portela","2.25","465.9898654991964","235.58366138927087"
"ppdpsd","2.25","407.49622503983795","156.0636020937435"
"RicardoBarrosPP","2.25","456.70544551748395","152.3725238395074"
"ArnaldoJardim","2.25","487.8172993590125","187.52152718168085"
"depHugoLeal","2.25","438.0526525378351","162.33745323660673"
"GeanLoureiro","2.25","497.86354811588427","195.2938153854363"
"pedroocl","2.25","564.37853642351","186.41342906788597"
"TelmarioMotaRR","2.25","492.1638018671785","120.31749655754332"
"ptb14","2.25","453.38645719125066","178.7177342268227"
"Baleia_Rossi","2","459.608415486602","156.9693271298754"
"celinaleao","2","530.495845602589","234.30594615474251"
"FBCFilho","2","479.6074572024914","196.6913382000557"
"elmanoferrer","2","569.5252850325589","184.80521780065436"
"iraja555","2","451.3272074463781","155.29891645014598"
"JHC_40","2","528.05863611373","172.19839360975672"
"sen_wellington","2","507.19816317081523","248.64698693051184"
"DomingosSavioMG","2","543.4928735452788","182.2614192673428"
"samuelmoreira","2","495.3676726326224","255.93268458600733"
"LucasRedecker","2","454.00442808845685","241.3524582753867"
"f_trad","2","469.2078158588607","211.8646928439851"
"confuciomoura","2","514.4296990524356","241.71491418733535"
"marciobiolchi","2","484.7454441545215","206.21085073968456"
"depflaviamorais","1.75","394.2241540258414","171.82537881045388"
"FredCosta5133","1.75","477.2659106543065","206.5744128544673"
"nelsinhotrad","1.75","528.4683599596361","164.4552099362202"
"DepLuizCarlos","1.75","430.0333017792454","188.71270859232357"
"dep_alinegurgel","1.75","464.47868705191087","212.31578077112"
"SandroAlex5555","1.75","479.98922578067936","156.46695462812335"
"eduardobarbosa_","1.75","451.99574232777917","202.2876472179733"
"curtaClecioLuis","1.75","420.07486505728644","190.53710654186244"
"GiovaniFeltes","1.75","473.0703850869902","210.13132654160674"
"pauloabiackel","1.75","470.2921717729767","236.12784007292618"
"profdorinha","1.75","460.20051362810653","182.0890841711399"
"coelho_rodrigo","1.75","529.3514112991032","168.88549108369597"
"depdarcidematos","1.75","436.99843554126636","180.63918767073832"
"AlexManentePPS","1.75","543.0704386697992","221.07105255425864"
"mauricioptbrs","1.75","462.51029369353836","238.99937685713104"
"EduardoGomesTO","1.75","466.56124933331455","216.6002070272714"
"Carlos_Gaguim","1.75","491.1547724337881","207.039813517379"
"AcacioFavacho","1.5","429.59996104515756","186.44811525094732"
"silascamara_","1.5","537.4340602730163","199.55524217933015"
"DepAfonsoHamm","1.5","460.9465871081526","210.43500831854766"
"dulcemiranda_to","1.5","459.0710243278784","241.92492164327425"
"deputadocajado","1.5","525.3235140578213","210.6149379835739"
"josemaranhaopb","1.5","506.498746732944","177.33608730510167"
"Alan_Rick","1.5","483.64117159608793","243.21610250287534"
"_sergiosouza","1.5","453.0717829384175","187.55717641559093"
"RicardoIzar","1.5","548.8867510381377","201.90126613111264"
"marciobittar_","1.5","440.6357474887923","152.2783006764083"
"prtboficial","1.5","539.1893822763333","183.0704392842993"
"ChristianeYared","1.5","545.9256879092526","229.6681572229912"
"RenataAbreuDep","1.5","525.5838232856593","207.96601680504966"
"depjosenelto","1.5","566.3482260462343","245.61547436981573"
"robertodelucena","1.5","572.4728279417827","180.96785343122724"
"vicentinhojr","1.5","465.2067834512628","221.32067535150873"
"deputadohiran","1.5","464.1003608945627","181.32774415699222"
"MarcoBertaiolli","1.5","478.8687889546028","244.69800442758822"
"DepJuscelino","1.5","445.9247610858024","189.1198650123367"
"ediolopes","1.5","492.5589366152342","260.6629419094114"
"DepVitorLippi","1.25","512.9620775830989","172.65143955600468"
"AluisioMendesMA","1.25","458.64397450277994","148.22117527380755"
"newton1510","1.25","482.9472490859528","149.26758041718617"
"MauroMendes40","1.25","544.1378347990471","201.83559993341308"
"herculanopassos","1.25","455.7466646156856","158.1916438442976"
"DepAndreFufuca","1","450.82299812898566","196.9483750865796"
"g1","18","448.1705975723955","278.4012584859994"
"Estadao","16","407.546008707836","260.50093701232356"
"JornalOGlobo","15.75","440.7830567717154","119.6665115326107"
"VEJA","15.5","521.2981112667073","189.4560457600558"
"GloboNews","14.5","423.97838016361146","147.25456761916269"
"programapanico","14.5","561.2793173947415","220.3931457749527"
"jornalnacional","13.5","516.4977324092592","223.96168422592189"
"RevistaEpoca","13","478.41064380859757","173.115659362283"
"UOLNoticias","12.75","417.4485454224629","289.6000980813811"
"UOL","11.75","411.8769508347518","203.71073035185432"
"RevistaISTOE","11.5","492.247827657585","137.8274381816698"
"valoreconomico","11.5","436.87049464981385","201.03570276306226"
"radiobandnewsfm","10.25","528.0314708633515","151.46086416484863"
"GauchaZH","9","425.7230108114275","174.5648263706953"
"EstadaoPolitica","8.75","474.29076310788025","290.49972056519397"
"OGloboPolitica","8.5","432.98961580751387","253.2435830406307"
"jornaldaband","8.25","456.4902289113833","229.19723883333668"
"g1politica","8","472.44490833127145","264.4258621535034"
"JotaInfo","8","448.30081667646215","144.32236588297752"
"correio","8","449.13766688217373","167.29559409104994"
"sbtjornalismo","7.75","558.2043016496204","253.37624532509145"
"CBNoficial","7.5","502.1996207177557","205.94710711489446"
"em_com","6.5","449.92476923836847","251.91519835185161"
"otempo","6.25","421.7724874356286","240.86401825030268"
"jornaldarecord","6.25","561.6970083059402","148.70508282068113"
"Poder360","5.5","443.06489817706915","219.19739584135246"
"UOLPolitica","5.25","452.8632785985981","211.04008399558845"
"DaniloGentili","19","658.2066955815701","236.4813865452333"
"policiafederal","12","657.3513237369269","160.78536783030847"
"Miltonneves","11.25","617.993182126884","159.4600708126822"
"RachelSherazade","11","580.8341212547541","147.16511823823137"
"joaoamoedonovo","10.5","673.3577457658238","142.45311607172545"
"MPF_PGR","10.25","589.9413770894154","252.87133870690363"
"PastorMalafaia","9.75","684.7653917161963","198.1227120955177"
"JusticaGovBR","9.75","605.6339062126964","183.9707535868118"
"Ricamconsult","9.75","627.7059272498864","209.70989724456777"
"jdoriajr","9.75","658.8670236005602","187.27586918062244"
"cariocadelegado","9.5","635.594314513778","256.8629230559031"
"diogomainardi","9.25","637.5371028907323","148.46522304687812"
"DefesaGovBr","8.75","622.250735255724","229.39696184469835"
"SenadorKajuru","8.25","639.2626294455114","185.99681783507617"
"partidonovo30","8.25","678.7983856462753","257.1973502737185"
"veramagalhaes","8","584.1030465064966","198.9805431330828"
"alvarodias_","8","676.8750099962955","180.13568034370482"
"realsardenberg","7.75","607.9789365659798","244.35473588531391"
"andreazzaeditor","7.5","692.6056420086037","146.90470698360593"
"diegoescosteguy","7","598.3073988445451","209.62457678989"
"RodrigoMaia","6.5","599.5332327774133","152.6971597354885"
"meirelles","6.5","597.1048511250174","231.96648211077877"
"MoniqueCheker","5.75","600.7161764530304","166.69050722295353"
"AlexSchwartsman","5.5","618.7457629592938","255.0808841790145"
"pfnery","5.25","662.1728579608895","209.47734855298282"
"HelioTelho","5.25","691.6957260225452","182.61020106924582"
"Anastasia","5","616.1611468942897","197.61990023256158"
"Reguffe","5","641.0549643105644","169.021545193606"
"carlossampaio_","5","685.2105853568664","167.91166981433193"
"EuSouLivres","5","606.6768046735707","220.63252391607864"
"maragabrilli","4.75","632.8437443965274","240.72541258472273"
"laurietecantora","4.75","702.655957130585","186.71116546335952"
"Flordelismk","4.5","611.7878734866946","210.54787854845196"
"alexandre","4.5","642.2096398801885","216.97073128957564"
"VladimirAras","4.5","585.6962538337497","236.1791408762893"
"JaniceAscari","4.5","571.7363258214132","191.86591005465033"
"marchezan_","4.5","581.9187250697782","218.7742968033337"
"carlosaviana","4.25","668.9187005352574","199.48039675649"
"elenalandau","4.25","589.7302592515889","161.84188103384642"
"joaoborges","4","592.2314556872434","220.73314923409998"
"erosbiondini","4","574.9633469088578","236.13255143576765"
"AroldeOliveira","4","682.3467822895584","241.45223563885375"
"levyfidelix","3.75","673.1479869367635","208.359419783733"
"DanielCoelho23","3.75","622.8376773819582","243.9093057821639"
"Teresa_Surita","3.5","648.5623181265829","176.04743744315846"
"ratinho_jr","3.5","673.6260271030887","217.57250369650168"
"TiagoMitraud","3.5","673.5102419495306","167.06922840094188"
"DepSheridan","3.25","629.4288627782307","195.4612525997031"
"23rubensbueno","3.25","635.9365466332154","231.20294543892805"
"tassojereissati","3.25","596.212748053913","193.51355725949085"
"Everaldo_20","3.25","634.6402755872732","222.8025780692082"
"jeronimogoergen","3","634.011760718252","174.16433853798935"
"SigaRoberto_","3","607.7756993573354","202.68043682402268"
"senadorpetecao","2.75","576.1371508952808","209.0269867941967"
"esperidiaoamin_","2.75","574.6165039109883","165.5382903643492"
"GBebianno","2.5","601.7762238505727","198.0309282112823"
"IzalciLucas","2.5","680.6562750976055","211.69057040010827"
"DeputadaMariana","2.5","631.2054336457958","167.4059809716318"
"pscnacional","2.5","616.2038207712457","218.09177318969017"
"FFrancischini_","2.25","672.233656449117","191.43111425726323"
"jorginhomello","2.25","579.7507536514834","242.8507724087582"
"senadorarose","2.25","582.7378387242834","209.94275428570455"
"ContaratoSenado","2.25","653.4840583040959","213.31147787026342"
"marceloaro","2.25","622.675531741212","191.94302631235843"
"OtoniDepFederal","2","697.6622752549348","193.763260423995"
"darioberger","2","588.4211333721335","212.5396516838722"
"geovaniadesa","2","627.8701027620974","188.84798835047954"
"AbilioSantanaBA","1.75","635.3594812920387","198.4061989424204"
"DF_PauloFreire","1.75","587.4472052873582","226.82955678156884"
"DepJefferson","1.75","595.4055223151643","200.49715011752627"
"Dep_PedroLupion","1.75","591.2507337196137","189.54162411803293"
"AndreJanonesAdv","1.75","665.719444410262","175.47018567053212"
"MarcosRogerio","1.75","661.0369090813327","200.54958644875805"
"wilsonlimaAM","1.75","596.4568829887846","175.18393613402296"
"capitao_wagner","1.75","617.9980703046128","188.4578653966307"
"depstefano","1.25","607.9989681305796","196.20523725084743"
"JovemPanNews","8.25","646.4933246395474","202.88344503520392"
"gazetadopovo","7","623.0390172068471","178.96310294982575"
"gospelprime","4.5","678.6898877117559","158.51743182328119"
"OMercadoPopular","3.75","609.0158866181356","231.0464546104008"
"jairbolsonaro","17.25","718.1657154231671","231.83910097042246"
"BolsonaroSP","13.25","801.9714794404862","282.45435970852844"
"FlavioBolsonaro","12.5","760.4888475484635","161.60011495291715"
"alexandregarcia","12.5","764.8797517600693","118.72242181211958"
"CarlosBolsonaro","12.5","780.7658936312799","178.86964651931189"
"SF_Moro","12","740.0875442227936","178.0730460493164"
"BlogDoPim","11.75","806.5222507497009","181.3453312392287"
"OdeCarvalho","11.25","842.8473904695345","176.8338346490463"
"roxmo","11.25","753.8208329197117","268.4805140687321"
"GeneralMourao","11","763.0835607164427","245.41700812572375"
"exercitooficial","10.75","721.9094150323727","161.38627674940315"
"MBLivre","10.75","821.664021467346","239.32786765924746"
"AnaPaulaVolei","10.75","845.068965261785","215.77918482731098"
"deltanmd","10.75","732.1967230723753","258.2244996217608"
"lobaoeletrico","10.5","776.44285410716","226.41290447726956"
"kimpkat","10.5","824.4297414879219","136.9541284010457"
"Gen_VillasBoas","10.5","774.4768628458415","281.54372722578626"
"augustosnunes","10.5","743.2338414698769","131.11826555441675"
"JanainaDoBrasil","10.25","810.0425424967797","119.43688690345752"
"MagnoMalta","10","786.8583645466672","129.28930369067095"
"joicehasselmann","9.75","832.6264801075679","266.32104935607333"
"ernestofaraujo","9.5","825.0297296892189","292.1254482268799"
"VillaMarcovilla","9.25","708.1423742204025","201.74690514385674"
"foIha_sp","9.25","749.5341683353462","198.90341735300518"
"onyxlorenzoni","9.25","810.7822527069807","156.89516607459635"
"portalfab","9.25","701.2309116917686","169.09165438600974"
"marmilbr","9","707.9940250004497","136.56572085139888"
"RicaPerrone","9","718.1391951534409","184.4041855426102"
"lf_ponde","8.75","695.3985904282741","248.10141222155343"
"ronaldocaiado","8.75","711.1896476590185","262.62188295507445"
"marcofeliciano","8.5","745.8634455187967","232.81202225228694"
"anaamelialemos","8.25","739.4758684167992","215.20590087223445"
"jose_neumanne","8.25","770.8468411398504","141.546526867771"
"mcbretas","8.25","786.5885768637526","265.02181082474084"
"alefrotabrasil","8.25","807.1114641302038","209.75267846444967"
"VemPraRua_br","8","792.0996637231029","110.08078791562939"
"claudioedantas","8","804.4911388261946","138.65779265098126"
"Rconstantino","7.5","781.4374709952922","157.17029522712355"
"blogdojefferson","7.5","731.2478023405887","198.99607794564645"
"diguinhocoruja","7.5","725.7419721888488","141.43094325607532"
"mariosabinof","7.5","801.9099014393751","238.89215735884343"
"davialcolumbre","7.25","779.9525297451074","200.42568055355198"
"wilsonwitzel","7","790.3683177158481","212.49036525147224"
"geraldomiotto","7","814.6444429915075","263.94959850812245"
"RomeuZema","6.75","756.2025488806045","218.2207566537407"
"tumaoficial","6.75","766.1737256331257","193.06858275999147"
"SimoneTebetms","6.5","740.6273727145832","157.87754199358045"
"padre_paulo","6.5","818.2627707128671","197.65346797319307"
"Gen_Ex_Freitas","6.25","839.8863993724864","282.60783426845285"
"JOAQUINTEIXElRA","6.25","795.3586564866677","164.7952602837897"
"Ilisp_org","6","825.358229614427","184.79020923210732"
"revoltadoonline","5.75","817.8252574973457","222.00385108253647"
"JMarcelo1000","5.75","795.3920600561839","150.83107802092832"
"GalTheophilo","5.75","771.1359622794993","261.8588755231413"
"EduPrimitivo","5.75","768.7667344968036","210.54596192512926"
"JoseMedeirosMT","5.75","792.2594092458775","250.47485794466277"
"CmdoCMA","5.5","793.8280935387014","226.4867844845235"
"LiberalismoBR","5.5","800.8871851341745","260.0166056314015"
"madeleinelacsko","5.5","705.8885053252296","152.93760756066763"
"UNBORNness","5.25","841.6787518369081","140.59491506435197"
"rogerchequer","5.25","758.9252410676947","181.23764342537535"
"RHPozzobon","5.25","806.5127871143411","225.19861101263666"
"lasiermartins","4.75","784.7136428452258","240.81538900761046"
"OsmarTerra","4.75","779.7530031880863","251.19050604920682"
"ViniciusPoit","4.75","755.5693991425826","143.30304622216127"
"InstLiberal","4.75","809.068392353208","250.8994106850603"
"DeniseCToledo8","4.25","702.556294638841","215.27830461673466"
"pauloganime","4","747.8693016087491","252.35951057071978"
"yashagallazzi","3.75","737.8367284475162","145.9371694870575"
"DepSostenes","3.5","695.1021056140466","208.76479748753874"
"marcosdoval","3.5","830.5888566114513","251.4812781005986"
"da_cia","3.25","761.122332363432","229.16532275394147"
"EduGiraoOficial","3.25","857.0699625874516","257.3056387571148"
"AlexisFonteyne","3","747.5394680886468","148.57932603364216"
"leiladovolei","3","688.3171193203997","158.2957773349144"
"rpsenador","2.75","759.7087630808066","134.78590164347256"
"deputadopeninha","2.75","761.6306678757965","202.84521630386462"
"adrianasounovo","2.75","736.9908839555416","242.66274321484585"
"EderMauroPA","2.5","778.9432204011905","212.25751187298232"
"Eduardo_Cury","2.25","719.6570475850925","197.06458356385232"
"lucasvgonzalez","2.25","707.9979508864011","250.02014836300083"
"CarlosMoises","2.25","713.4366512688025","172.07912034651596"
"gilsonmarques30","2.25","742.9616761124671","245.9884291711224"
"Sen_Oriovisto","2","832.6163470947453","166.7744364633075"
"delegado_waldir","1.75","748.7730628226973","244.49554951293004"
"deputadocapitao","1.5","804.6426735094157","167.74532834952862"
"o_antagonista","11.25","688.2715882808191","225.4506258041135"
"midiasemmascara","6.5","823.8296341238769","171.02195904516444"
"RevistaCrusoe","6.5","795.3525619827604","197.92740225475467"
"mamaefalei","10.25","870.8952806821743","293.0685925616827"
"lsentoes","10","892.3232381100903","236.94180467255748"
"SargentoFAHUR","9.75","831.1556775746797","113.46671175544759"
"benebarbosa_mvb","9.5","926.3902533650946","170.06645411164894"
"luciano_hang","9.5","881.9402375486158","274.4842721962862"
"odiodobem","9.5","888.3303606851138","144.50719775965095"
"Desesquerdizada","9.25","918.9832476817926","232.22195957985764"
"odiodobemnews","9.25","915.6250497845189","202.43059179186443"
"FernandoHoliday","9","853.7651178136696","100.45297179678786"
"lpbragancabr","9","958.4129175625989","252.94149730138236"
"DamaresAlves","9","855.0774603877044","243.19251592217776"
"allantercalivre","8.75","933.8537862840308","110.60369617026383"
"moura_101","8.75","887.5495406796334","109.31889841321426"
"bernardopkuster","8.75","993.241920561414","264.2375824749023"
"Francischini_","8.5","858.6650655073288","192.7405809715543"
"flaviomorgen","8.5","872.1496474159379","232.76438234210138"
"leandroruschel","8.5","906.7939249456084","167.17305216708849"
"ricardovelez","8.5","919.6737434121179","125.99534314454503"
"filgmartin","8.5","944.3472520622349","196.34789035305027"
"Astro_Pontes","8.25","845.6560281723284","155.66312994162618"
"PSL_Nacional","8","869.3564687326991","113.4976685340926"
"CorrupcaoMemes","8","846.4272321631817","298.19735602965216"
"aguedescartoon","8","982.4656092481482","178.7902207457671"
"alex_borges","7.75","852.6624140983922","118.89919661839932"
"GFiuza_Oficial","7.75","834.3619195644881","197.0819176388172"
"OlavoOpressor","7.75","855.0821124478442","136.0395285508072"
"CarlaZambelli17","7.75","947.2103735528926","146.2071162848156"
"opropriolavo","7.5","903.6381189050977","118.18035750866878"
"CarvalhosaMo","7.5","886.8665375809537","304.7626129425748"
"GenPauloChagas","7.5","885.7225618444492","190.68277845227462"
"PauloMartins10","7.5","951.6967498137743","106.85357954964894"
"oiluiz","7.25","933.7443023789796","291.12909822260997"
"CaioCoppolla","7.25","862.8489611950138","176.58189464176223"
"reaconaria","7.25","892.1853048649083","92.11550331694094"
"RejanePaiva","7.25","999.1654329136647","240.4063030204062"
"rsallesmma","7.25","874.3379991228246","97.1825586966797"
"JoelAlexandreM","7","917.5036377893483","290.9738957391424"
"Biakicis","7","958.9293991325059","292.7699243740716"
"majorolimpio","7","828.0587192147507","156.51604679270008"
"marcelvanhattem","7","826.1928943737407","211.13820432792116"
"Smith_Hays","7","1020.601414039217","177.45055314844944"
"RoseDBarros","7","890.0627503633779","126.91072341144071"
"Al_jazeeravt","7","1025.8762527096462","154.8643909955812"
"Ro_Moller","6.75","899.3746410215057","182.25299536408056"
"CanalHipocritas","6.75","969.2986902852718","128.85459083417638"
"flaviogordon","6.75","981.8730667440897","206.0606115372625"
"jrguzzofatos","6.75","878.6771730788084","175.48023080583678"
"VlogdoLisboa","6.75","915.4297463410104","306.50041253357944"
"Clauwild1","6.75","942.3552322313669","162.0791639982731"
"pauloap","6.75","916.6029493231752","108.95782834053814"
"SocialistiPhone","6.5","881.9379172001393","160.87337948185325"
"mjcosta_","6.5","932.5457612541557","139.44772650300524"
"BrunoGarschagen","6.5","898.5374863418346","267.7345282604103"
"EdGaarcia","6.5","867.9722933685073","162.18265200973912"
"escolasempartid","6.5","919.8462084392186","266.53186216030167"
"CrissPaiva","6.5","890.4272622932888","205.44502423734866"
"TerezaCrisMS","6.5","909.9211772092182","277.4965646771754"
"tarcisiogdf","6.5","854.530050580131","284.0630494743712"
"DireitaBrasil","6.5","902.2187850575812","293.21403601467915"
"xicograziano","6.25","839.0135169784929","233.92782628073317"
"maryritalopes","6.25","984.3070410066754","290.20705099280383"
"AnaCampagnolo","6.25","965.9074743832731","114.3838232014016"
"Justiceiro_Sujo","6.25","932.7253396063844","260.64020399358304"
"Bolsonaronewss","6.25","931.6726643067574","207.0297905532824"
"Edison_Cunha_","6.25","863.4920122430038","218.07691660435162"
"LorenzonItalo","6.25","967.787722700938","172.1260562182332"
"EuSouMBC","6.25","995.9158290811147","187.8245164529449"
"mitags","6.25","888.2463381760894","258.19015760266785"
"radardamidia","6","990.7126281440828","152.54650357891168"
"SrtaLawyerBr17","6","981.5588900519137","120.95184173391665"
"RaquelStasiaki","6","994.2732532214507","126.80827643930537"
"BelinhaPoodleBR","6","960.6531423113627","218.24807743076843"
"AVENAoficial","6","983.799993368957","135.99756279668534"
"paulocruzphi","6","904.6146786779537","149.92950451047722"
"albaexpider","6","1036.1978014270603","208.11912685495636"
"GeneralGirao","6","846.9165373827774","257.7629349251919"
"tradutores_br","6","992.0854560725794","227.02692656318442"
"cor0te","6","966.6647944516936","268.5575460135592"
"viniciuscfp","6","953.9580548997811","170.5226570624767"
"franciscomacsoa","5.75","947.8449767693429","283.15964573570875"
"FatosEsquerda","5.75","902.7873911504735","103.0513040382415"
"CrisMenshova","5.75","941.3600515751715","229.85562442889588"
"_SaraWinter","5.75","1004.9060711563351","208.05805731997768"
"Damadeferroofic","5.75","996.7374028808955","140.3663711621321"
"professorigor","5.75","967.1587966639921","158.57267143380835"
"SPD_33","5.75","859.7371380255463","150.3034213690168"
"peterjordan100","5.75","902.3156827703535","211.25215806739808"
"JoselitoMuller3","5.75","840.300489184086","128.41359938722908"
"artur_slo","5.75","874.9877916852435","258.8670471703167"
"TonhoDrinks","5.75","948.9951117686818","239.6023129456918"
"Jouberth19","5.75","940.5825390637201","271.9363613946534"
"KendraChihaya","5.75","1013.1457961848108","218.2392640130783"
"LiloVLOG","5.75","1034.7838662373633","229.4914745497264"
"andrefernm","5.75","941.921132819955","250.48714767882373"
"Sempre_Fogo","5.5","1009.0342692020766","267.49553415674575"
"ananiasfernanda","5.5","956.9620181531371","205.26211354933503"
"visaomacro","5.5","924.6982972588298","97.23100547606215"
"Fabi_Moller_","5.5","972.7976806121819","236.87973266159278"
"cortininhas","5.5","888.4653590256191","289.9298110048685"
"dariojjunior","5.5","912.9998708137497","179.6848873054312"
"scamarsn","5.5","1013.3516387521684","243.34757350477003"
"carteiroreaca","5.5","953.6549469728772","269.6056088894409"
"pejoseduardo","5.5","899.5986099215228","196.3687412738352"
"Leonardomequi1","5.5","1012.5651431533257","160.04321638865972"
"henriolliveira","5.5","872.5730217105616","197.21593066673748"
"Fasalles","5.5","973.1601499382099","218.7351902649975"
"GLCampos_","5.25","911.7983294837056","255.77738466790635"
"fabifbbr","5.25","894.8699574358907","158.41300474834148"
"Pattyy_Ribeiro","5.25","977.0032778393457","192.6634377238748"
"leonardocb11","5.25","899.6101180770092","252.46879776264228"
"GiseleDaminell2","5.25","956.9050349328937","135.25338979855783"
"srochaactor","5.25","966.3016989611166","197.4744494329971"
"depheliolopes","5.25","973.5858055104923","257.66180224895845"
"marcelloneves72","5.25","961.7871754838112","146.6908404668176"
"AsgardianaB17","5.25","1016.7428891651642","192.30348860343346"
"taupeisha","5.25","978.1286075201346","152.06949719560055"
"araujocaaa","5.25","946.427735376227","120.34542740781802"
"EISENHOWER27","5.25","989.7883805947042","165.63681747332765"
"AiltonBenedito","5.25","872.8790066655383","149.00889634166"
"kellymenegas","5.25","857.629477911736","228.22668374903728"
"Fernuf91","5.25","985.3266625660166","238.16117575816807"
"Rosana_blue","5.25","1008.1752825871631","183.4577110415502"
"pauIoguedes","5.25","935.2006771547296","126.21882526783165"
"SpitfireAN","5.25","903.9763516391379","225.57106279153317"
"PmBr_17CValente","5.25","977.8802278105971","164.26029471468638"
"brunagarcia_be","5.25","1024.920018857437","237.88347527311626"
"Valdecirdelecl1","5.25","1009.3837244342734","137.35500194908056"
"zecarlosantos2","5.25","923.5258711198996","216.4548867944644"
"patibaroli","5.25","960.7647728589095","236.87900432813794"
"Milla_Ofc17","5.25","1014.4126724113413","256.0000347537488"
"JPNUNESS_","5","1004.1799554490833","227.22215315981566"
"ysanikalapalo","5","950.4099368435609","182.71579941411576"
"RubinhoNunesMBL","5","934.7586709542857","184.45569273785284"
"edmilsonpapo10","5","891.7169275154889","169.76685486759328"
"paulacamara_","5","883.0997730706763","223.7673266811277"
"MajorVitorHugo","5","922.6178478512203","185.93245493125727"
"WinstonLing","5","907.454487607292","243.2780551095916"
"rodrigogurgel","5","896.9359801924649","280.7383666319871"
"PanichiRaphael","5","839.6458537975982","246.97550144044095"
"maepatriota","5","925.6838184142857","250.19988488256305"
"cvrss","5","1003.2139931311223","151.28192004660292"
"JoaquinTex","5","932.5440703402563","223.38883551614407"
"rick0800","5","968.9434512854806","208.64540077935757"
"Paulox36","5","847.6333896283987","272.1821741457133"
"zoemartinez_05","5","954.8782658266506","158.02229635894034"
"alexsanspacheco","5","912.1734038307026","218.1148522351271"
"profpaulamarisa","5","1034.3063087696455","179.56691757939373"
"JJVieira6","5","997.1086626104983","175.1253234870527"
"KeyllaLima2018","5","1023.8107767280221","211.6156956568391"
"OsvladPereira","5","929.6001400426809","195.69160908595484"
"carlosjordy","5","970.7794461161318","280.8287934504275"
"Drica_Patriota","5","894.2250549394524","220.15039003007993"
"88gaels","5","941.775368791012","175.1290585092337"
"pinhead_lives","5","1026.2291969392174","199.85593497307508"
"rj_rangel","5","988.3906042341823","249.76086726179844"
"NAS_RUAS","4.75","820.2579281514818","276.5812009760538"
"hoje_no","4.75","914.7709795201457","156.3362745888496"
"mjmacul_lima","4.75","981.9241217077431","277.69941786609155"
"CesarGleyton","4.75","1008.3144892098536","171.48643294634175"
"brandao_suzana","4.75","953.1296127372042","227.6691562236858"
"DonaReginaa","4.75","993.9299507282135","213.2869774702734"
"HumbertoReisJr","4.75","872.2011222170324","186.14966819026583"
"LeticiaCatel","4.75","880.5618105651326","247.6496053175484"
"g_g_garci","4.75","972.6039461270757","141.5306016755631"
"EuDouglasBr","4.75","980.1254560143841","227.8039734007284"
"PastorLiomar","4.75","869.6147153930688","246.7335207481478"
"A_Flavinha_A","4.75","935.1877615489886","152.1915667643819"
"aruthcao","4.75","945.4652707166815","132.43311330802345"
"eICABRIELinHELL","4.75","1015.1495551172945","231.32886421447333"
"concei05","4.75","1000.9357424240953","162.66611504966298"
"Sisispsp","4.75","1036.7435199009092","194.74755285800148"
"r_nog","4.5","977.2616279857585","246.86544119803682"
"reportersalles","4.5","1029.7701446562276","167.7742787419254"
"drmarllao","4.5","1023.7700471259174","224.15148588375757"
"SmayLMachado","4.5","1014.2008994473402","148.2741396585013"
"NemFudendo7","4.5","1005.563992502723","195.9203684297115"
"IrmaosDeDireita","4.5","959.425898787397","279.5349133502056"
"AlexBRfour","4.5","957.3253787079088","191.32928427050538"
"Rgood68","4.5","994.591175717545","202.52078449277948"
"gen_paulosergio","4.5","830.1703325527552","224.26023358209906"
"SorayaThronicke","4.5","945.5036363596796","261.13572213337716"
"ThalesBH17","4.25","1003.2740860509666","253.14202914451587"
"eumesmavivi","4.25","922.3070893204823","278.9110489347358"
"Mises_Brasil","4.25","863.6798936834041","205.77667065146886"
"WRosarioCGU","4.25","909.8118885713446","190.56067994034004"
"Boni_z","4.25","986.9797196561518","194.93022067032655"
"Brigadeiromma","4.25","957.4003050007099","123.78250546414907"
"stehpapaiano","4.25","1015.7276194159055","203.72065672548743"
"pizzolatto","4.25","978.8040461517605","267.18105954313984"
"jeffs_araujo35","4.25","855.5069022584634","165.1517624758213"
"MarceloCRedeTV","4.25","924.4625564341821","154.63215688475384"
"da_direita","4.25","1021.1651498558384","140.0855538559988"
"TarikMohmed3","4","984.5036151301358","217.98579986628553"
"Marceloalvaroan","3.75","846.690144444704","191.88398820030972"
"Alanghani","3.75","946.2605551513354","294.4149431495647"
"renato_battista","3.75","863.4909698821757","255.0652648424814"
"TemplarioPepe","3.75","966.7163772186788","227.53351969880853"
"cabojunioamaral","3.5","932.1429038169907","279.0007955181777"
"Sen_Alessandro","3.5","835.5700779805962","146.5726718570752"
"KatiaSastre","3.25","889.9105463090535","179.85598116412012"
"CarolDeToni3","3","1031.2186718284825","218.25522746674466"
"marciolabre","3","908.631103765946","265.4402350447264"
"GenPeternelli","3","847.8010973833042","231.13514462178586"
"HeitorFreireCE","3","929.8083046165168","270.8277739739516"
"SenadoraSelma","2.5","836.6031604559353","164.11990506022335"
"DanielPMERJ","2.5","865.6283990457025","142.70478329885304"
"capitaoderrite","1.75","888.3042944527526","247.98676781506205"
"conexaopolitica","8.75","873.0734778391823","131.7451764686802"
"RenovaMidia","8.5","862.851480862225","269.3005513915268"
"terca_livre","8.25","945.2263964711948","214.91994064947997"
"sensoinc","7.75","876.7519409093632","210.79185848642794"
"PolitzOficial","7.25","904.1588088117355","134.84244183713375"
"republica_ctba","6.75","917.9831044444137","142.89704777841743"
"estadohir4mico","6","933.588957505535","240.05964133272863"
"brasil_paralelo","5.5","967.4098046571122","184.82709175461284"
"criticanac","4.25","1027.567287512929","188.68202155923927"
"conservadordc","4.25","992.7037495739733","279.1228857586978"
"Radar_Politico_","3.5","847.5789282761593","201.09095758689998"
"RADIOVOXORG","3.25","916.2846577047197","246.4044169109275"